document_name,source_token,source_type,source_pos_tag,source_sentence_ID,source_token_ID,source_prev_tag,source_next_tag,target_token,target_type,target_pos_tag,target_sentence_ID,target_token_ID,target_prev_tag,target_next_tag,token_distance,sentence_distance,dependency_tags,relation_type
doc-20.1 - order shipping,orders,B-Activity,NNS,0,3,B-Actor,B-Activity Data,the,B-Actor,DT,0,1,O,B-Activity,2,0,[0],actor performer
doc-20.1 - order shipping,orders,B-Activity,NNS,0,3,B-Actor,B-Activity Data,products,B-Activity Data,NNS,0,4,B-Activity,B-Further Specification,1,0,[0],uses
doc-20.1 - order shipping,orders,B-Activity,NNS,0,3,B-Actor,B-Activity Data,on,B-Further Specification,IN,0,5,B-Activity Data,O,2,0,[0],further specification
doc-20.1 - order shipping,orders,B-Activity,NNS,0,3,B-Actor,B-Activity Data,checked,B-Activity,VBN,0,14,O,B-Further Specification,11,0,[0],flow
doc-20.1 - order shipping,orders,B-Activity,NNS,0,3,B-Actor,B-Activity Data,the,B-Actor,DT,1,18,O,O,15,1,[0],actor recipient
doc-20.1 - order shipping,checked,B-Activity,VBN,0,14,O,B-Further Specification,the,B-Activity Data,DT,0,11,O,O,3,0,[0],uses
doc-20.1 - order shipping,checked,B-Activity,VBN,0,14,O,B-Further Specification,for,B-Further Specification,IN,0,15,B-Activity,O,1,0,[0],further specification
doc-20.1 - order shipping,checked,B-Activity,VBN,0,14,O,B-Further Specification,the,B-Actor,DT,0,22,O,O,8,0,[0],actor performer
doc-20.1 - order shipping,checked,B-Activity,VBN,0,14,O,B-Further Specification,If,B-XOR Gateway,IN,1,0,O,O,14,1,[0],flow
doc-20.1 - order shipping,If,B-XOR Gateway,IN,1,0,O,O,no,B-Condition Specification,DT,1,3,O,O,3,0,[0],flow
doc-20.1 - order shipping,If,B-XOR Gateway,IN,1,0,O,O,If,B-XOR Gateway,IN,2,0,O,B-Condition Specification,0,1,[0],same gateway
doc-20.1 - order shipping,no,B-Condition Specification,DT,1,3,O,O,rejected,B-Activity,VBN,1,11,O,O,8,0,[0],flow
doc-20.1 - order shipping,rejected,B-Activity,VBN,1,11,O,O,the,B-Activity Data,DT,1,8,O,O,3,0,[0],uses
doc-20.1 - order shipping,rejected,B-Activity,VBN,1,11,O,O,reimbursed,B-Activity,VBN,1,16,O,O,5,0,[0],flow
doc-20.1 - order shipping,rejected,B-Activity,VBN,1,11,O,O,the,B-Actor,DT,1,18,O,O,7,0,[0],actor performer
doc-20.1 - order shipping,reimbursed,B-Activity,VBN,1,16,O,O,the,B-Actor,DT,1,18,O,O,2,0,[0],actor performer
doc-20.1 - order shipping,If,B-XOR Gateway,IN,2,0,O,B-Condition Specification,the,B-Condition Specification,DT,2,1,B-XOR Gateway,B-Activity Data,1,0,[0],flow
doc-20.1 - order shipping,the,B-Condition Specification,DT,2,1,B-XOR Gateway,B-Activity Data,confirmed,B-Activity,VBN,2,8,O,O,7,0,[0],flow
doc-20.1 - order shipping,confirmed,B-Activity,VBN,2,8,O,O,the,B-Activity Data,DT,2,5,B-Condition Specification,O,3,0,[0],uses
doc-20.1 - order shipping,confirmed,B-Activity,VBN,2,8,O,O,the,B-Actor,DT,2,10,O,O,2,0,[0],actor performer
doc-20.1 - order shipping,confirmed,B-Activity,VBN,2,8,O,O,and,B-AND Gateway,CC,3,10,B-Actor,B-Actor,2,1,[0],flow
doc-20.1 - order shipping,sends,B-Activity,VBZ,3,4,O,B-Activity Data,The,B-Actor,DT,3,0,O,O,4,0,[0],actor performer
doc-20.1 - order shipping,sends,B-Activity,VBZ,3,4,O,B-Activity Data,the,B-Activity Data,DT,3,5,B-Activity,O,1,0,[0],uses
doc-20.1 - order shipping,sends,B-Activity,VBZ,3,4,O,B-Activity Data,the,B-Actor,DT,3,8,O,B-AND Gateway,4,0,[0],actor recipient
doc-20.1 - order shipping,sends,B-Activity,VBZ,3,4,O,B-Activity Data,when,B-AND Gateway,WRB,4,3,O,O,1,1,[0],flow
doc-20.1 - order shipping,and,B-AND Gateway,CC,3,10,B-Actor,B-Actor,sends,B-Activity,VBZ,3,4,O,B-Activity Data,6,0,[0],flow
doc-20.1 - order shipping,and,B-AND Gateway,CC,3,10,B-Actor,B-Actor,ships,B-Activity,VBZ,3,18,B-Actor,B-Activity Data,8,0,[0],flow
doc-20.1 - order shipping,ships,B-Activity,VBZ,3,18,B-Actor,B-Activity Data,the,B-Actor,DT,3,15,B-AND Gateway,B-Activity,3,0,[0],actor performer
doc-20.1 - order shipping,ships,B-Activity,VBZ,3,18,B-Actor,B-Activity Data,the,B-Activity Data,DT,3,19,B-Activity,B-Further Specification,1,0,[0],uses
doc-20.1 - order shipping,ships,B-Activity,VBZ,3,18,B-Actor,B-Activity Data,to,B-Further Specification,TO,3,21,B-Activity Data,O,3,0,[0],further specification
doc-20.1 - order shipping,ships,B-Activity,VBZ,3,18,B-Actor,B-Activity Data,when,B-AND Gateway,WRB,4,3,O,O,15,1,[0],flow
doc-20.2 - employee project approval,initiates,B-Activity,VBZ,0,2,B-Actor,B-Activity Data,The,B-Actor,DT,0,0,NONE,B-Activity,2,0,[0],actor performer
doc-20.2 - employee project approval,initiates,B-Activity,VBZ,0,2,B-Actor,B-Activity Data,an,B-Activity Data,DT,0,3,B-Activity,O,1,0,[0],uses
doc-20.2 - employee project approval,initiates,B-Activity,VBZ,0,2,B-Actor,B-Activity Data,record,B-Activity,VB,1,3,O,B-Activity Data,1,1,[0],flow
doc-20.2 - employee project approval,record,B-Activity,VB,1,3,O,B-Activity Data,He,B-Actor,PRP,1,0,O,O,3,0,[0],actor performer
doc-20.2 - employee project approval,record,B-Activity,VB,1,3,O,B-Activity Data,the,B-Activity Data,DT,1,4,B-Activity,B-Further Specification,1,0,[0],uses
doc-20.2 - employee project approval,record,B-Activity,VB,1,3,O,B-Activity Data,in,B-Further Specification,IN,1,7,B-Activity Data,O,4,0,[0],further specification
doc-20.2 - employee project approval,record,B-Activity,VB,1,3,O,B-Activity Data,express,B-Activity,VB,1,11,O,B-Activity Data,8,0,[0],flow
doc-20.2 - employee project approval,express,B-Activity,VB,1,11,O,B-Activity Data,He,B-Actor,PRP,1,0,O,O,11,0,[0],actor performer
doc-20.2 - employee project approval,express,B-Activity,VB,1,11,O,B-Activity Data,its,B-Activity Data,PRP$,1,12,B-Activity,O,1,0,[0],uses
doc-20.2 - employee project approval,express,B-Activity,VB,1,11,O,B-Activity Data,submit,B-Activity,VB,2,4,O,B-Activity Data,7,1,[0],flow
doc-20.2 - employee project approval,submit,B-Activity,VB,2,4,O,B-Activity Data,He,B-Actor,PRP,2,0,O,O,4,0,[0],actor performer
doc-20.2 - employee project approval,submit,B-Activity,VB,2,4,O,B-Activity Data,a,B-Activity Data,DT,2,5,B-Activity,O,1,0,[0],uses
doc-20.2 - employee project approval,submit,B-Activity,VB,2,4,O,B-Activity Data,the,B-Actor,DT,2,10,O,O,6,0,[0],actor recipient
doc-20.2 - employee project approval,submit,B-Activity,VB,2,4,O,B-Activity Data,assesses,B-Activity,VBZ,3,2,B-Actor,B-Activity Data,2,1,[0],flow
doc-20.2 - employee project approval,assesses,B-Activity,VBZ,3,2,B-Actor,B-Activity Data,The,B-Actor,DT,3,0,O,B-Activity,2,0,[0],actor performer
doc-20.2 - employee project approval,assesses,B-Activity,VBZ,3,2,B-Actor,B-Activity Data,the,B-Activity Data,DT,3,3,B-Activity,O,1,0,[0],uses
doc-20.2 - employee project approval,assesses,B-Activity,VBZ,3,2,B-Actor,B-Activity Data,If,B-XOR Gateway,IN,4,0,O,B-Condition Specification,2,1,[0],flow
doc-20.2 - employee project approval,If,B-XOR Gateway,IN,4,0,O,B-Condition Specification,the,B-Condition Specification,DT,4,1,B-XOR Gateway,O,1,0,[0],flow
doc-20.2 - employee project approval,the,B-Condition Specification,DT,4,1,B-XOR Gateway,O,initiate,B-Activity,VB,4,8,O,B-Activity Data,7,0,[0],flow
doc-20.2 - employee project approval,initiate,B-Activity,VB,4,8,O,B-Activity Data,he,B-Actor,PRP,4,6,O,O,2,0,[0],actor performer
doc-20.2 - employee project approval,initiate,B-Activity,VB,4,8,O,B-Activity Data,a,B-Activity Data,DT,4,9,B-Activity,O,1,0,[0],uses
doc-20.2 - employee project approval,initiate,B-Activity,VB,4,8,O,B-Activity Data,simultaneously,B-AND Gateway,RB,5,2,O,B-Activity,6,1,[0],flow
doc-20.2 - employee project approval,simultaneously,B-AND Gateway,RB,5,2,O,B-Activity,a,B-Activity Data,DT,5,5,B-Activity,O,3,0,[0],flow
doc-20.2 - employee project approval,laying,B-Activity,VBG,5,3,B-AND Gateway,B-Activity Data,he,B-Actor,PRP,4,6,O,O,3,1,[0],activity performer
doc-20.2 - employee project approval,laying,B-Activity,VBG,5,3,B-AND Gateway,B-Activity Data,a,B-Activity Data,DT,5,5,B-Activity,O,2,0,[0],uses
doc-20.2 - employee project approval,laying,B-Activity,VBG,5,3,B-AND Gateway,B-Activity Data,When,B-AND Gateway,WRB,6,0,O,O,3,1,[0],flow
doc-20.2 - employee project approval,setting,B-Activity,VBG,5,8,O,B-Activity Data,he,B-Actor,PRP,4,6,O,O,2,1,[0],activity performer
doc-20.2 - employee project approval,setting,B-Activity,VBG,5,8,O,B-Activity Data,a,B-Activity Data,DT,5,10,B-Activity,B-AND Gateway,2,0,[0],uses
doc-20.2 - employee project approval,setting,B-Activity,VBG,5,8,O,B-Activity Data,When,B-AND Gateway,WRB,6,0,O,O,8,1,[0],flow
doc-20.2 - employee project approval,stating,B-Activity,VBG,5,13,B-AND Gateway,B-Activity Data,he,B-Actor,PRP,4,6,O,O,7,1,[0],activity performer
doc-20.2 - employee project approval,started,B-Activity,VBN,6,8,O,O,When,B-AND Gateway,WRB,6,0,O,O,8,0,[0],flow
doc-20.2 - employee project approval,communicate,B-Activity,VB,7,9,O,B-Activity Data,he,B-Actor,PRP,7,7,O,O,2,0,[0],actor performer
doc-20.2 - employee project approval,communicate,B-Activity,VB,7,9,O,B-Activity Data,the,B-Activity Data,DT,7,10,B-Activity,O,1,0,[0],uses
doc-20.3 - project manager approval,submitting,B-Activity,VBG,0,9,B-Actor,B-Activity Data,the,B-Actor,DT,0,6,O,B-Activity,3,0,[0],actor performer
doc-20.3 - project manager approval,submitting,B-Activity,VBG,0,9,B-Actor,B-Activity Data,a,B-Activity Data,DT,0,10,B-Activity,O,1,0,[0],uses
doc-20.3 - project manager approval,submitting,B-Activity,VBG,0,9,B-Actor,B-Activity Data,the,B-Actor,DT,0,15,O,O,6,0,[0],actor recipient
doc-20.3 - project manager approval,submitting,B-Activity,VBG,0,9,B-Actor,B-Activity Data,Concurrently,B-AND Gateway,RB,3,0,O,B-Actor,9,3,[0],flow
doc-20.3 - project manager approval,assesses,B-Activity,VBZ,2,10,B-Actor,B-Activity Data,the,B-Actor,DT,2,7,O,B-Activity,3,0,[0],actor performer
doc-20.3 - project manager approval,assesses,B-Activity,VBZ,2,10,B-Actor,B-Activity Data,the,B-Activity Data,DT,2,11,B-Activity,O,1,0,[0],uses
doc-20.3 - project manager approval,assesses,B-Activity,VBZ,2,10,B-Actor,B-Activity Data,Upon,B-AND Gateway,IN,4,0,O,O,10,2,[0],flow
doc-20.3 - project manager approval,Concurrently,B-AND Gateway,RB,3,0,O,B-Actor,assesses,B-Activity,VBZ,2,10,B-Actor,B-Activity Data,10,1,[0],flow
doc-20.3 - project manager approval,Concurrently,B-AND Gateway,RB,3,0,O,B-Actor,evaluates,B-Activity,VBZ,3,4,B-Actor,B-Activity Data,4,0,[0],flow
doc-20.3 - project manager approval,evaluates,B-Activity,VBZ,3,4,B-Actor,B-Activity Data,the,B-Actor,DT,3,1,B-AND Gateway,B-Activity,3,0,[0],actor performer
doc-20.3 - project manager approval,evaluates,B-Activity,VBZ,3,4,B-Actor,B-Activity Data,resource,B-Activity Data,JJ,3,5,B-Activity,O,1,0,[0],uses
doc-20.3 - project manager approval,evaluates,B-Activity,VBZ,3,4,B-Actor,B-Activity Data,Upon,B-AND Gateway,IN,4,0,O,O,4,1,[0],flow
doc-20.3 - project manager approval,Upon,B-AND Gateway,IN,4,0,O,O,reviews,B-Activity,VBZ,4,11,B-Actor,B-Activity Data,11,0,[0],flow
doc-20.3 - project manager approval,reviews,B-Activity,VBZ,4,11,B-Actor,B-Activity Data,the,B-Actor,DT,4,8,O,B-Activity,3,0,[0],actor performer
doc-20.3 - project manager approval,reviews,B-Activity,VBZ,4,11,B-Actor,B-Activity Data,the,B-Activity Data,DT,4,12,B-Activity,B-Further Specification,1,0,[0],uses
doc-20.3 - project manager approval,reviews,B-Activity,VBZ,4,11,B-Actor,B-Activity Data,in,B-Further Specification,IN,4,14,B-Activity Data,O,3,0,[0],further specification
doc-20.3 - project manager approval,reviews,B-Activity,VBZ,4,11,B-Actor,B-Activity Data,If,B-XOR Gateway,IN,5,0,O,B-Condition Specification,11,1,[0],flow
doc-20.3 - project manager approval,If,B-XOR Gateway,IN,5,0,O,B-Condition Specification,both,B-Condition Specification,DT,5,1,B-XOR Gateway,O,1,0,[0],flow
doc-20.3 - project manager approval,If,B-XOR Gateway,IN,5,0,O,B-Condition Specification,If,B-XOR Gateway,IN,6,0,O,B-Condition Specification,0,1,[0],same gateway
doc-20.3 - project manager approval,both,B-Condition Specification,DT,5,1,B-XOR Gateway,O,approves,B-Activity,VBZ,5,9,B-Actor,B-Activity Data,8,0,[0],flow
doc-20.3 - project manager approval,approves,B-Activity,VBZ,5,9,B-Actor,B-Activity Data,the,B-Activity Data,DT,5,10,B-Activity,O,1,0,[0],uses
doc-20.3 - project manager approval,If,B-XOR Gateway,IN,6,0,O,B-Condition Specification,at,B-Condition Specification,IN,6,1,B-XOR Gateway,O,1,0,[0],flow
doc-20.3 - project manager approval,at,B-Condition Specification,IN,6,1,B-XOR Gateway,O,requests,B-Activity,VBZ,6,11,B-Actor,B-Activity Data,10,0,[0],flow
doc-20.3 - project manager approval,requests,B-Activity,VBZ,6,11,B-Actor,B-Activity Data,the,B-Actor,DT,6,8,O,B-Activity,3,0,[0],actor performer
doc-20.3 - project manager approval,requests,B-Activity,VBZ,6,11,B-Actor,B-Activity Data,a,B-Activity Data,DT,6,12,B-Activity,O,1,0,[0],uses
doc-20.3 - project manager approval,requests,B-Activity,VBZ,6,11,B-Actor,B-Activity Data,the,B-Actor,DT,6,18,O,O,7,0,[0],actor recipient
doc-20.4 - procurement process,simultaneously,B-AND Gateway,RB,0,3,B-Actor,B-Activity,requests,B-Activity,VBZ,0,4,B-AND Gateway,B-Activity Data,1,0,[0],flow
doc-20.4 - procurement process,simultaneously,B-AND Gateway,RB,0,3,B-Actor,B-Activity,and,B-AND Gateway,CC,0,7,B-Activity Data,B-Activity,4,0,[0],same gateway
doc-20.4 - procurement process,simultaneously,B-AND Gateway,RB,0,3,B-Actor,B-Activity,evaluates,B-Activity,VBZ,0,8,B-AND Gateway,B-Activity Data,5,0,[0],flow
doc-20.4 - procurement process,requests,B-Activity,VBZ,0,4,B-AND Gateway,B-Activity Data,The,B-Actor,DT,0,0,NONE,B-AND Gateway,4,0,[0],actor performer
doc-20.4 - procurement process,requests,B-Activity,VBZ,0,4,B-AND Gateway,B-Activity Data,product,B-Activity Data,NN,0,5,B-Activity,B-AND Gateway,1,0,[0],uses
doc-20.4 - procurement process,requests,B-Activity,VBZ,0,4,B-AND Gateway,B-Activity Data,receiving,B-Activity,VBG,1,1,B-AND Gateway,B-Activity Data,3,1,[0],flow
doc-20.4 - procurement process,evaluates,B-Activity,VBZ,0,8,B-AND Gateway,B-Activity Data,The,B-Actor,DT,0,0,NONE,B-AND Gateway,8,0,[0],actor performer
doc-20.4 - procurement process,evaluates,B-Activity,VBZ,0,8,B-AND Gateway,B-Activity Data,delivery,B-Activity Data,NN,0,9,B-Activity,O,1,0,[0],uses
doc-20.4 - procurement process,evaluates,B-Activity,VBZ,0,8,B-AND Gateway,B-Activity Data,After,B-AND Gateway,IN,1,0,O,B-Activity,8,1,[0],flow
doc-20.4 - procurement process,After,B-AND Gateway,IN,1,0,O,B-Activity,evaluated,B-Activity,VBN,1,7,O,O,7,0,[0],flow
doc-20.4 - procurement process,receiving,B-Activity,VBG,1,1,B-AND Gateway,B-Activity Data,The,B-Actor,DT,0,0,NONE,B-AND Gateway,1,1,[0],actor recipient
doc-20.4 - procurement process,receiving,B-Activity,VBG,1,1,B-AND Gateway,B-Activity Data,After,B-AND Gateway,IN,1,0,O,B-Activity,1,0,[0],flow
doc-20.4 - procurement process,receiving,B-Activity,VBG,1,1,B-AND Gateway,B-Activity Data,all,B-Activity Data,DT,1,2,B-Activity,O,1,0,[0],uses
doc-20.4 - procurement process,evaluated,B-Activity,VBN,1,7,O,O,they,B-Activity Data,PRP,1,5,O,O,2,0,[0],uses
doc-20.4 - procurement process,evaluated,B-Activity,VBN,1,7,O,O,the,B-Actor,DT,1,9,O,O,2,0,[0],actor performer
doc-20.4 - procurement process,evaluated,B-Activity,VBN,1,7,O,O,signs,B-Activity,NNS,2,4,O,B-Activity Data,3,1,[0],flow
doc-20.4 - procurement process,signs,B-Activity,NNS,2,4,O,B-Activity Data,The,B-Actor,DT,2,0,O,O,4,0,[0],actor performer
doc-20.4 - procurement process,signs,B-Activity,NNS,2,4,O,B-Activity Data,a,B-Activity Data,DT,2,5,B-Activity,O,1,0,[0],uses
doc-20.5 - edit pictures,receiving,B-Activity,VBG,0,1,O,B-Activity Data,the,B-Activity Data,DT,0,2,B-Activity,O,1,0,[0],uses
doc-20.5 - edit pictures,receiving,B-Activity,VBG,0,1,O,B-Activity Data,the,B-Actor,DT,0,5,O,O,4,0,[0],actor recipient
doc-20.5 - edit pictures,receiving,B-Activity,VBG,0,1,O,B-Activity Data,cleaning,B-Activity,VBG,0,8,O,B-Activity Data,7,0,[0],flow
doc-20.5 - edit pictures,cleaning,B-Activity,VBG,0,8,O,B-Activity Data,the,B-Actor,DT,0,5,O,O,3,0,[0],actor performer
doc-20.5 - edit pictures,cleaning,B-Activity,VBG,0,8,O,B-Activity Data,them,B-Activity Data,PRP,0,9,B-Activity,O,1,0,[0],uses
doc-20.5 - edit pictures,cleaning,B-Activity,VBG,0,8,O,B-Activity Data,and,B-AND Gateway,CC,1,8,B-Activity Data,B-Activity,0,1,[0],flow
doc-20.5 - edit pictures,removing,B-Activity,VBG,1,3,O,B-Activity Data,He,B-Actor,PRP,1,0,O,O,3,0,[0],actor performer
doc-20.5 - edit pictures,removing,B-Activity,VBG,1,3,O,B-Activity Data,imperfections,B-Activity Data,NNS,1,4,B-Activity,O,1,0,[0],uses
doc-20.5 - edit pictures,removing,B-Activity,VBG,1,3,O,B-Activity Data,After,B-AND Gateway,IN,2,0,O,O,3,1,[0],flow
doc-20.5 - edit pictures,withening,B-Activity,VBG,1,6,O,B-Activity Data,He,B-Actor,PRP,1,0,O,O,6,0,[0],actor performer
doc-20.5 - edit pictures,withening,B-Activity,VBG,1,6,O,B-Activity Data,teeth,B-Activity Data,NNS,1,7,B-Activity,B-AND Gateway,1,0,[0],uses
doc-20.5 - edit pictures,withening,B-Activity,VBG,1,6,O,B-Activity Data,After,B-AND Gateway,IN,2,0,O,O,6,1,[0],flow
doc-20.5 - edit pictures,and,B-AND Gateway,CC,1,8,B-Activity Data,B-Activity,removing,B-Activity,VBG,1,3,O,B-Activity Data,5,0,[0],flow
doc-20.5 - edit pictures,and,B-AND Gateway,CC,1,8,B-Activity Data,B-Activity,withening,B-Activity,VBG,1,6,O,B-Activity Data,2,0,[0],flow
doc-20.5 - edit pictures,and,B-AND Gateway,CC,1,8,B-Activity Data,B-Activity,adjusting,B-Activity,VBG,1,9,B-AND Gateway,B-Activity Data,1,0,[0],flow
doc-20.5 - edit pictures,and,B-AND Gateway,CC,1,8,B-Activity Data,B-Activity,concurrently,B-AND Gateway,RB,1,12,B-Activity Data,O,4,0,[0],same gateway
doc-20.5 - edit pictures,adjusting,B-Activity,VBG,1,9,B-AND Gateway,B-Activity Data,He,B-Actor,PRP,1,0,O,O,9,0,[0],actor performer
doc-20.5 - edit pictures,adjusting,B-Activity,VBG,1,9,B-AND Gateway,B-Activity Data,light,B-Activity Data,JJ,1,10,B-Activity,B-AND Gateway,1,0,[0],uses
doc-20.5 - edit pictures,adjusting,B-Activity,VBG,1,9,B-AND Gateway,B-Activity Data,After,B-AND Gateway,IN,2,0,O,O,9,1,[0],flow
doc-20.5 - edit pictures,After,B-AND Gateway,IN,2,0,O,O,organizes,B-Activity,VBZ,2,10,O,B-Activity Data,10,0,[0],flow
doc-20.5 - edit pictures,organizes,B-Activity,VBZ,2,10,O,B-Activity Data,the,B-Actor,DT,2,7,O,O,3,0,[0],actor performer
doc-20.5 - edit pictures,organizes,B-Activity,VBZ,2,10,O,B-Activity Data,the,B-Activity Data,DT,2,11,B-Activity,B-Further Specification,1,0,[0],uses
doc-20.5 - edit pictures,organizes,B-Activity,VBZ,2,10,O,B-Activity Data,in,B-Further Specification,IN,2,13,B-Activity Data,O,3,0,[0],further specification
doc-20.6 - cooking pasta,collects,B-Activity,VBZ,0,2,B-Actor,B-Activity Data,The,B-Actor,DT,0,0,NONE,B-Activity,2,0,[0],actor performer
doc-20.6 - cooking pasta,collects,B-Activity,VBZ,0,2,B-Actor,B-Activity Data,the,B-Activity Data,DT,0,3,B-Activity,O,1,0,[0],uses
doc-20.6 - cooking pasta,collects,B-Activity,VBZ,0,2,B-Actor,B-Activity Data,heats,B-Activity,VBZ,1,2,O,B-Activity Data,0,1,[0],flow
doc-20.6 - cooking pasta,heats,B-Activity,VBZ,1,2,O,B-Activity Data,He,B-Actor,PRP,1,0,O,O,2,0,[0],actor performer
doc-20.6 - cooking pasta,heats,B-Activity,VBZ,1,2,O,B-Activity Data,a,B-Activity Data,DT,1,3,B-Activity,O,1,0,[0],uses
doc-20.6 - cooking pasta,heats,B-Activity,VBZ,1,2,O,B-Activity Data,on,B-Further Specification,IN,1,8,O,O,6,0,[0],further specification
doc-20.6 - cooking pasta,heats,B-Activity,VBZ,1,2,O,B-Activity Data,In,B-AND Gateway,IN,3,0,O,O,2,2,[0],flow
doc-20.6 - cooking pasta,cut,B-Activity,VB,2,2,O,B-Activity Data,He,B-Actor,PRP,2,0,O,O,2,0,[0],actor performer
doc-20.6 - cooking pasta,cut,B-Activity,VB,2,2,O,B-Activity Data,the,B-Activity Data,DT,2,3,B-Activity,O,1,0,[0],uses
doc-20.6 - cooking pasta,cut,B-Activity,VB,2,2,O,B-Activity Data,cook,B-Activity,VB,2,6,O,B-Activity Data,4,0,[0],flow
doc-20.6 - cooking pasta,cook,B-Activity,VB,2,6,O,B-Activity Data,He,B-Actor,PRP,2,0,O,O,6,0,[0],actor performer
doc-20.6 - cooking pasta,cook,B-Activity,VB,2,6,O,B-Activity Data,them,B-Activity Data,PRP,2,7,B-Activity,B-Further Specification,1,0,[0],uses
doc-20.6 - cooking pasta,cook,B-Activity,VB,2,6,O,B-Activity Data,in,B-Further Specification,IN,2,8,B-Activity Data,O,2,0,[0],further specification
doc-20.6 - cooking pasta,cook,B-Activity,VB,2,6,O,B-Activity Data,then,B-AND Gateway,RB,4,2,B-Actor,B-Activity,4,2,[0],flow
doc-20.6 - cooking pasta,In,B-AND Gateway,IN,3,0,O,O,cut,B-Activity,VB,2,2,O,B-Activity Data,2,1,[0],flow
doc-20.6 - cooking pasta,In,B-AND Gateway,IN,3,0,O,O,fills,B-Activity,VBZ,3,5,B-Actor,B-Activity Data,5,0,"[55, 61]",flow
doc-20.6 - cooking pasta,fills,B-Activity,VBZ,3,5,B-Actor,B-Activity Data,he,B-Actor,PRP,3,4,O,B-Activity,1,0,[0],actor performer
doc-20.6 - cooking pasta,fills,B-Activity,VBZ,3,5,B-Actor,B-Activity Data,a,B-Activity Data,DT,3,7,B-Activity,O,2,0,"[22, 61]",uses
doc-20.6 - cooking pasta,fills,B-Activity,VBZ,3,5,B-Actor,B-Activity Data,salts,B-Activity,VBP,3,12,O,B-Activity Data,7,0,[0],flow
doc-20.6 - cooking pasta,salts,B-Activity,VBP,3,12,O,B-Activity Data,he,B-Actor,PRP,3,4,O,B-Activity,8,0,[0],actor performer
doc-20.6 - cooking pasta,salts,B-Activity,VBP,3,12,O,B-Activity Data,the,B-Activity Data,DT,3,13,B-Activity,O,1,0,[0],uses
doc-20.6 - cooking pasta,salts,B-Activity,VBP,3,12,O,B-Activity Data,boils,B-Activity,VBZ,3,16,O,B-Activity Data,4,0,[0],flow
doc-20.6 - cooking pasta,boils,B-Activity,VBZ,3,16,O,B-Activity Data,he,B-Actor,PRP,3,4,O,B-Activity,12,0,[0],actor performer
doc-20.6 - cooking pasta,boils,B-Activity,VBZ,3,16,O,B-Activity Data,it,B-Activity Data,PRP,3,17,B-Activity,B-Further Specification,1,0,[0],uses
doc-20.6 - cooking pasta,boils,B-Activity,VBZ,3,16,O,B-Activity Data,on,B-Further Specification,IN,3,18,B-Activity Data,O,2,0,[0],further specification
doc-20.6 - cooking pasta,boils,B-Activity,VBZ,3,16,O,B-Activity Data,then,B-AND Gateway,RB,4,2,B-Actor,B-Activity,14,1,[0],flow
doc-20.6 - cooking pasta,then,B-AND Gateway,RB,4,2,B-Actor,B-Activity,cooks,B-Activity,VBZ,4,3,B-AND Gateway,B-Activity Data,1,0,[0],flow
doc-20.6 - cooking pasta,cooks,B-Activity,VBZ,4,3,B-AND Gateway,B-Activity Data,The,B-Actor,DT,4,0,O,B-AND Gateway,3,0,[0],actor performer
doc-20.6 - cooking pasta,cooks,B-Activity,VBZ,4,3,B-AND Gateway,B-Activity Data,his,B-Activity Data,PRP$,4,4,B-Activity,B-Further Specification,1,0,[0],uses
doc-20.6 - cooking pasta,cooks,B-Activity,VBZ,4,3,B-AND Gateway,B-Activity Data,in,B-Further Specification,IN,4,6,B-Activity Data,O,3,0,[0],further specification
doc-20.6 - cooking pasta,cooks,B-Activity,VBZ,4,3,B-AND Gateway,B-Activity Data,serves,B-Activity,VBZ,5,7,B-Actor,B-Activity Data,4,1,[0],flow
doc-20.6 - cooking pasta,serves,B-Activity,VBZ,5,7,B-Actor,B-Activity Data,he,B-Actor,PRP,5,6,O,B-Activity,1,0,[0],actor performer
doc-20.6 - cooking pasta,serves,B-Activity,VBZ,5,7,B-Actor,B-Activity Data,the,B-Activity Data,DT,5,8,B-Activity,O,1,0,[0],uses
doc-20.7 - marketing team,convenes,B-Activity,NNS,0,3,B-Actor,O,The,B-Actor,DT,0,0,NONE,B-Activity,3,0,[0],actor performer
doc-20.7 - marketing team,convenes,B-Activity,NNS,0,3,B-Actor,O,for,B-Further Specification,IN,0,6,O,O,3,0,[0],further specification
doc-20.7 - marketing team,convenes,B-Activity,NNS,0,3,B-Actor,O,launch,B-Activity,VBP,1,3,B-Actor,B-Activity Data,0,1,[0],flow
doc-20.7 - marketing team,launch,B-Activity,VBP,1,3,B-Actor,B-Activity Data,they,B-Actor,PRP,1,2,O,B-Activity,1,0,[0],actor performer
doc-20.7 - marketing team,launch,B-Activity,VBP,1,3,B-Actor,B-Activity Data,the,B-Activity Data,DT,1,4,B-Activity,O,1,0,[0],uses
doc-20.7 - marketing team,launch,B-Activity,VBP,1,3,B-Actor,B-Activity Data,review,B-Activity,VB,1,10,O,B-Activity Data,7,0,[0],flow
doc-20.7 - marketing team,review,B-Activity,VB,1,10,O,B-Activity Data,they,B-Actor,PRP,1,2,O,B-Activity,8,0,[0],actor performer
doc-20.7 - marketing team,review,B-Activity,VB,1,10,O,B-Activity Data,the,B-Activity Data,DT,1,11,B-Activity,O,1,0,[0],uses
doc-20.7 - marketing team,review,B-Activity,VB,1,10,O,B-Activity Data,finalize,B-Activity,VBP,2,8,B-Actor,B-Activity Data,2,1,[0],flow
doc-20.7 - marketing team,finalize,B-Activity,VBP,2,8,B-Actor,B-Activity Data,they,B-Actor,PRP,2,7,O,B-Activity,1,0,[0],actor performer
doc-20.7 - marketing team,finalize,B-Activity,VBP,2,8,B-Actor,B-Activity Data,their,B-Activity Data,PRP$,2,9,B-Activity,O,1,0,[0],uses
doc-20.7 - marketing team,finalize,B-Activity,VBP,2,8,B-Actor,B-Activity Data,While,B-AND Gateway,IN,3,0,O,O,8,1,[0],flow
doc-20.7 - marketing team,drive,B-Activity,VBP,2,15,B-Actor,B-Activity Data,they,B-Actor,PRP,2,14,O,B-Activity,1,0,[0],actor performer
doc-20.7 - marketing team,drive,B-Activity,VBP,2,15,B-Actor,B-Activity Data,the,B-Activity Data,DT,2,17,B-Activity,B-Further Specification,2,0,[0],uses
doc-20.7 - marketing team,drive,B-Activity,VBP,2,15,B-Actor,B-Activity Data,in,B-Further Specification,IN,2,20,B-Activity Data,O,5,0,"[50, 55, 14]",further specification
doc-20.7 - marketing team,drive,B-Activity,VBP,2,15,B-Actor,B-Activity Data,deliver,B-Activity,VBP,4,1,B-Actor,B-Activity Data,14,2,[0],flow
doc-20.7 - marketing team,While,B-AND Gateway,IN,3,0,O,O,drive,B-Activity,VBP,2,15,B-Actor,B-Activity Data,15,1,[0],flow
doc-20.7 - marketing team,While,B-AND Gateway,IN,3,0,O,O,discuss,B-Activity,VBP,3,3,B-Actor,B-Activity Data,3,0,[0],flow
doc-20.7 - marketing team,discuss,B-Activity,VBP,3,3,B-Actor,B-Activity Data,they,B-Actor,PRP,3,2,O,B-Activity,1,0,[0],actor performer
doc-20.7 - marketing team,discuss,B-Activity,VBP,3,3,B-Actor,B-Activity Data,deliver,B-Activity,VBP,4,1,B-Actor,B-Activity Data,2,1,[0],flow
doc-20.7 - marketing team,deliver,B-Activity,VBP,4,1,B-Actor,B-Activity Data,They,B-Actor,PRP,4,0,O,B-Activity,1,0,[0],actor performer
doc-20.7 - marketing team,deliver,B-Activity,VBP,4,1,B-Actor,B-Activity Data,their,B-Activity Data,PRP$,4,2,B-Activity,O,1,0,[0],uses
doc-20.7 - marketing team,deliver,B-Activity,VBP,4,1,B-Actor,B-Activity Data,the,B-Actor,DT,4,5,O,O,4,0,[0],actor recipient
doc-20.7 - marketing team,return,B-Activity,VB,4,9,O,B-Activity Data,They,B-Actor,PRP,4,0,O,B-Activity,9,0,[0],actor performer
doc-20.7 - marketing team,return,B-Activity,VB,4,9,O,B-Activity Data,to,B-Activity Data,TO,4,10,B-Activity,O,1,0,[0],uses
doc-20.8 - order shipping,receiving,B-Activity,VBG,0,1,O,B-Activity Data,an,B-Activity Data,DT,0,2,B-Activity,O,1,0,[0],uses
doc-20.8 - order shipping,receiving,B-Activity,VBG,0,1,O,B-Activity Data,the,B-Actor,DT,0,5,O,O,4,0,[0],Actor recipient
doc-20.8 - order shipping,receiving,B-Activity,VBG,0,1,O,B-Activity Data,processed,B-Activity,VBN,0,13,O,O,12,0,[0],flow
doc-20.8 - order shipping,processed,B-Activity,VBN,0,13,O,O,the,B-Actor,DT,0,5,O,O,8,0,[0],actor performer
doc-20.8 - order shipping,processed,B-Activity,VBN,0,13,O,O,the,B-Activity Data,DT,0,10,O,O,3,0,[0],uses
doc-20.8 - order shipping,processed,B-Activity,VBN,0,13,O,O,For,B-XOR Gateway,IN,1,0,O,B-Condition Specification,13,1,[0],flow
doc-20.8 - order shipping,For,B-XOR Gateway,IN,1,0,O,B-Condition Specification,orders,B-Condition Specification,NNS,1,1,B-XOR Gateway,O,1,0,[0],flow
doc-20.8 - order shipping,For,B-XOR Gateway,IN,1,0,O,B-Condition Specification,For,B-XOR Gateway,IN,2,0,O,B-Condition Specification,0,1,[0],same gateway
doc-20.8 - order shipping,orders,B-Condition Specification,NNS,1,1,B-XOR Gateway,O,production,B-Activity,NN,1,8,O,O,7,0,[0],flow
doc-20.8 - order shipping,production,B-Activity,NN,1,8,O,O,the,B-Actor,DT,0,5,O,O,3,1,[0],actor performer
doc-20.8 - order shipping,production,B-Activity,NN,1,8,O,O,fresh,B-Activity Data,JJ,1,10,O,O,2,0,[0],uses
doc-20.8 - order shipping,production,B-Activity,NN,1,8,O,O,concurrently,B-AND Gateway,RB,3,2,B-Actor,B-Activity,6,2,[0],flow
doc-20.8 - order shipping,For,B-XOR Gateway,IN,2,0,O,B-Condition Specification,orders,B-Condition Specification,NNS,2,1,B-XOR Gateway,O,1,0,[0],flow
doc-20.8 - order shipping,orders,B-Condition Specification,NNS,2,1,B-XOR Gateway,O,used,B-Activity,VBN,2,9,O,O,8,0,[0],flow
doc-20.8 - order shipping,used,B-Activity,VBN,2,9,O,O,the,B-Actor,DT,0,5,O,O,4,2,[0],actor performer
doc-20.8 - order shipping,used,B-Activity,VBN,2,9,O,O,stock,B-Activity Data,NN,2,6,O,O,3,0,[0],uses
doc-20.8 - order shipping,used,B-Activity,VBN,2,9,O,O,concurrently,B-AND Gateway,RB,3,2,B-Actor,B-Activity,7,1,[0],flow
doc-20.8 - order shipping,concurrently,B-AND Gateway,RB,3,2,B-Actor,B-Activity,organizes,B-Activity,VBZ,3,3,B-AND Gateway,B-Activity Data,1,0,[0],flow
doc-20.8 - order shipping,concurrently,B-AND Gateway,RB,3,2,B-Actor,B-Activity,and,B-AND Gateway,CC,3,5,B-Activity Data,B-Activity,3,0,[0],same gateway
doc-20.8 - order shipping,concurrently,B-AND Gateway,RB,3,2,B-Actor,B-Activity,packages,B-Activity,VBZ,3,6,B-AND Gateway,B-Activity Data,4,0,[0],flow
doc-20.8 - order shipping,organizes,B-Activity,VBZ,3,3,B-AND Gateway,B-Activity Data,The,B-Actor,DT,3,0,O,B-AND Gateway,3,0,[0],actor performer
doc-20.8 - order shipping,organizes,B-Activity,VBZ,3,3,B-AND Gateway,B-Activity Data,shipping,B-Activity Data,NN,3,4,B-Activity,B-AND Gateway,1,0,[0],uses
doc-20.8 - order shipping,organizes,B-Activity,VBZ,3,3,B-AND Gateway,B-Activity Data,Once,B-AND Gateway,IN,4,0,O,O,3,1,[0],flow
doc-20.8 - order shipping,packages,B-Activity,VBZ,3,6,B-AND Gateway,B-Activity Data,The,B-Actor,DT,3,0,O,B-AND Gateway,6,0,[0],actor performer
doc-20.8 - order shipping,packages,B-Activity,VBZ,3,6,B-AND Gateway,B-Activity Data,the,B-Activity Data,DT,3,7,B-Activity,O,1,0,[0],uses
doc-20.8 - order shipping,packages,B-Activity,VBZ,3,6,B-AND Gateway,B-Activity Data,Once,B-AND Gateway,IN,4,0,O,O,6,1,[0],flow
doc-20.8 - order shipping,Once,B-AND Gateway,IN,4,0,O,O,shipped,B-Activity,VBN,4,9,O,O,9,0,[0],flow
doc-20.8 - order shipping,shipped,B-Activity,VBN,4,9,O,O,The,B-Actor,DT,3,0,O,B-AND Gateway,9,1,[0],actor performer
doc-20.8 - order shipping,shipped,B-Activity,VBN,4,9,O,O,the,B-Activity Data,DT,4,6,O,O,3,0,[0],uses
doc-20.9 - complaint process model,receiving,B-Activity,VBG,1,1,O,B-Activity Data,a,B-Activity Data,DT,1,2,B-Activity,B-Actor,1,0,[0],uses
doc-20.9 - complaint process model,receiving,B-Activity,VBG,1,1,O,B-Activity Data,the,B-Actor,DT,1,4,B-Activity Data,O,3,0,[0],actor recipient
doc-20.9 - complaint process model,receiving,B-Activity,VBG,1,1,O,B-Activity Data,For,B-XOR Gateway,IN,2,0,O,B-Condition Specification,1,1,[0],flow
doc-20.9 - complaint process model,For,B-XOR Gateway,IN,2,0,O,B-Condition Specification,phone,B-Condition Specification,NN,2,1,B-XOR Gateway,O,1,0,[0],flow
doc-20.9 - complaint process model,For,B-XOR Gateway,IN,2,0,O,B-Condition Specification,For,B-XOR Gateway,IN,3,0,O,B-Condition Specification,0,1,[0],same gateway
doc-20.9 - complaint process model,For,B-XOR Gateway,IN,2,0,O,B-Condition Specification,When,B-XOR Gateway,WRB,4,0,O,B-Condition Specification,0,2,[0],same gateway
doc-20.9 - complaint process model,phone,B-Condition Specification,NN,2,1,B-XOR Gateway,O,records,B-Activity,VBZ,2,6,B-Actor,B-Activity Data,5,0,[0],flow
doc-20.9 - complaint process model,records,B-Activity,VBZ,2,6,B-Actor,B-Activity Data,the,B-Actor,DT,2,4,O,B-Activity,2,0,[0],actor performer
doc-20.9 - complaint process model,records,B-Activity,VBZ,2,6,B-Actor,B-Activity Data,the,B-Activity Data,DT,2,7,B-Activity,O,1,0,[0],uses
doc-20.9 - complaint process model,records,B-Activity,VBZ,2,6,B-Actor,B-Activity Data,After,B-XOR Gateway,IN,5,0,O,O,6,3,[0],flow
doc-20.9 - complaint process model,For,B-XOR Gateway,IN,3,0,O,B-Condition Specification,in-person,B-Condition Specification,JJ,3,1,B-XOR Gateway,O,1,0,[0],flow
doc-20.9 - complaint process model,in-person,B-Condition Specification,JJ,3,1,B-XOR Gateway,O,documents,B-Activity,NNS,3,11,O,B-Activity Data,10,0,[0],flow
doc-20.9 - complaint process model,documents,B-Activity,NNS,3,11,O,B-Activity Data,the,B-Actor,DT,3,8,O,O,3,0,[0],actor performer
doc-20.9 - complaint process model,documents,B-Activity,NNS,3,11,O,B-Activity Data,the,B-Activity Data,DT,3,12,B-Activity,O,1,0,[0],uses
doc-20.9 - complaint process model,documents,B-Activity,NNS,3,11,O,B-Activity Data,After,B-XOR Gateway,IN,5,0,O,O,11,2,[0],flow
doc-20.9 - complaint process model,When,B-XOR Gateway,WRB,4,0,O,B-Condition Specification,the,B-Condition Specification,DT,4,1,B-XOR Gateway,O,1,0,[0],flow
doc-20.9 - complaint process model,the,B-Condition Specification,DT,4,1,B-XOR Gateway,O,notes,B-Activity,VBZ,4,11,B-Actor,B-Activity Data,10,0,[0],flow
doc-20.9 - complaint process model,notes,B-Activity,VBZ,4,11,B-Actor,B-Activity Data,the,B-Actor,DT,4,9,O,B-Activity,2,0,[0],actor performer
doc-20.9 - complaint process model,notes,B-Activity,VBZ,4,11,B-Actor,B-Activity Data,the,B-Activity Data,DT,4,12,B-Activity,O,1,0,[0],uses
doc-20.9 - complaint process model,notes,B-Activity,VBZ,4,11,B-Actor,B-Activity Data,After,B-XOR Gateway,IN,5,0,O,O,11,1,[0],flow
doc-20.9 - complaint process model,After,B-XOR Gateway,IN,5,0,O,O,Meanwhile,B-AND Gateway,RB,6,0,O,O,0,1,[0],flow
doc-20.9 - complaint process model,analyzes,B-Activity,VBZ,5,7,B-Actor,B-Activity Data,the,B-Actor,DT,5,5,O,B-Activity,2,0,[0],actor performer
doc-20.9 - complaint process model,analyzes,B-Activity,VBZ,5,7,B-Actor,B-Activity Data,the,B-Activity Data,DT,5,8,B-Activity,O,1,0,[0],uses
doc-20.9 - complaint process model,analyzes,B-Activity,VBZ,5,7,B-Actor,B-Activity Data,Once,B-AND Gateway,IN,7,0,O,O,7,2,[0],flow
doc-20.9 - complaint process model,Meanwhile,B-AND Gateway,RB,6,0,O,O,analyzes,B-Activity,VBZ,5,7,B-Actor,B-Activity Data,7,1,[0],flow
doc-20.9 - complaint process model,Meanwhile,B-AND Gateway,RB,6,0,O,O,consults,B-Activity,NNS,6,4,B-Actor,B-Activity Data,4,0,[0],flow
doc-20.9 - complaint process model,consults,B-Activity,NNS,6,4,B-Actor,B-Activity Data,the,B-Actor,DT,6,2,O,B-Activity,2,0,[0],actor performer
doc-20.9 - complaint process model,consults,B-Activity,NNS,6,4,B-Actor,B-Activity Data,other,B-Activity Data,JJ,6,5,B-Activity,O,1,0,[0],uses
doc-20.9 - complaint process model,consults,B-Activity,NNS,6,4,B-Actor,B-Activity Data,Once,B-AND Gateway,IN,7,0,O,O,4,1,[0],flow
doc-20.9 - complaint process model,Once,B-AND Gateway,IN,7,0,O,O,resolves,B-Activity,VBZ,7,8,B-Actor,B-Activity Data,8,0,[0],flow
doc-20.9 - complaint process model,resolves,B-Activity,VBZ,7,8,B-Actor,B-Activity Data,the,B-Actor,DT,7,6,O,B-Activity,2,0,[0],actor performer
doc-20.9 - complaint process model,resolves,B-Activity,VBZ,7,8,B-Actor,B-Activity Data,the,B-Activity Data,DT,7,9,B-Activity,B-Further Specification,1,0,[0],uses
doc-20.9 - complaint process model,resolves,B-Activity,VBZ,7,8,B-Actor,B-Activity Data,based,B-Further Specification,VBN,7,11,B-Activity Data,O,3,0,[0],further specification
doc-20.9 - complaint process model,resolves,B-Activity,VBZ,7,8,B-Actor,B-Activity Data,archives,B-Activity,VBZ,8,11,B-Actor,B-Activity Data,3,1,[0],flow
doc-20.9 - complaint process model,archives,B-Activity,VBZ,8,11,B-Actor,B-Activity Data,the,B-Actor,DT,8,9,O,B-Activity,2,0,[0],actor performer
doc-20.9 - complaint process model,archives,B-Activity,VBZ,8,11,B-Actor,B-Activity Data,the,B-Activity Data,DT,8,12,B-Activity,O,1,0,[0],uses
doc-20.9 - complaint process model,archives,B-Activity,VBZ,8,11,B-Actor,B-Activity Data,close,B-Activity,VB,9,6,B-Further Specification,B-Activity Data,5,1,[0],flow
doc-20.9 - complaint process model,close,B-Activity,VB,9,6,B-Further Specification,B-Activity Data,formally,B-Further Specification,RB,9,5,O,B-Activity,1,0,[0],further specification
doc-20.9 - complaint process model,close,B-Activity,VB,9,6,B-Further Specification,B-Activity Data,the,B-Activity Data,DT,9,7,B-Activity,O,1,0,[0],uses
doc-20.10 - ISP student,register,B-Activity,NN,0,1,B-Actor,B-Activity Data,Students,B-Actor,NNS,0,0,NONE,B-Activity,1,0,[0],actor performer
doc-20.10 - ISP student,register,B-Activity,NN,0,1,B-Actor,B-Activity Data,for,B-Activity Data,IN,0,2,B-Activity,O,1,0,[0],uses
doc-20.10 - ISP student,register,B-Activity,NN,0,1,B-Actor,B-Activity Data,log,B-Activity,NN,3,2,O,B-Activity Data,1,3,[0],flow
doc-20.10 - ISP student,log,B-Activity,NN,3,2,O,B-Activity Data,Students,B-Actor,NNS,3,0,O,O,2,0,[0],actor performer
doc-20.10 - ISP student,log,B-Activity,NN,3,2,O,B-Activity Data,KU,B-Activity Data,NNP,3,4,B-Activity,O,2,0,[0],uses
doc-20.10 - ISP student,log,B-Activity,NN,3,2,O,B-Activity Data,Simultaneously,B-AND Gateway,RB,4,0,O,O,2,1,[0],flow
doc-20.10 - ISP student,select,B-Activity,VB,3,9,O,B-Activity Data,Students,B-Actor,NNS,3,0,O,O,9,0,[0],actor performer
doc-20.10 - ISP student,select,B-Activity,VB,3,9,O,B-Activity Data,courses,B-Activity Data,NNS,3,10,B-Activity,B-Further Specification,1,0,[0],uses
doc-20.10 - ISP student,select,B-Activity,VB,3,9,O,B-Activity Data,in,B-Further Specification,IN,3,11,B-Activity Data,O,2,0,[0],further specification
doc-20.10 - ISP student,select,B-Activity,VB,3,9,O,B-Activity Data,After,B-AND Gateway,IN,5,0,O,O,9,2,[0],flow
doc-20.10 - ISP student,Simultaneously,B-AND Gateway,RB,4,0,O,O,select,B-Activity,VB,3,9,O,B-Activity Data,9,1,[0],flow
doc-20.10 - ISP student,Simultaneously,B-AND Gateway,RB,4,0,O,O,updated,B-Activity,VBN,4,11,O,O,11,0,[0],flow
doc-20.10 - ISP student,updated,B-Activity,VBN,4,11,O,O,they,B-Actor,PRP,4,2,O,O,9,0,[0],actor performer
doc-20.10 - ISP student,updated,B-Activity,VBN,4,11,O,O,their,B-Activity Data,PRP$,4,5,O,O,6,0,[0],uses
doc-20.10 - ISP student,updated,B-Activity,VBN,4,11,O,O,After,B-AND Gateway,IN,5,0,O,O,11,1,[0],flow
doc-20.10 - ISP student,After,B-AND Gateway,IN,5,0,O,O,choosing,B-Activity,VBG,5,16,O,B-Activity Data,16,0,[0],flow
doc-20.10 - ISP student,choosing,B-Activity,VBG,5,16,O,B-Activity Data,they,B-Actor,PRP,5,11,O,O,5,0,[0],actor performer
doc-20.10 - ISP student,choosing,B-Activity,VBG,5,16,O,B-Activity Data,their,B-Activity Data,PRP$,5,17,B-Activity,O,1,0,[0],uses
doc-20.10 - ISP student,choosing,B-Activity,VBG,5,16,O,B-Activity Data,saves,B-Activity,VBZ,6,3,B-Actor,B-Activity Data,13,1,[0],flow
doc-20.10 - ISP student,saves,B-Activity,VBZ,6,3,B-Actor,B-Activity Data,the,B-Actor,DT,6,1,O,B-Activity,2,0,[0],actor performer
doc-20.10 - ISP student,saves,B-Activity,VBZ,6,3,B-Actor,B-Activity Data,the,B-Activity Data,DT,6,4,B-Activity,O,1,0,[0],uses
doc-20.10 - ISP student,saves,B-Activity,VBZ,6,3,B-Actor,B-Activity Data,submits,B-Activity,VBZ,8,2,B-Actor,B-Activity Data,1,2,[0],flow
doc-20.10 - ISP student,submits,B-Activity,VBZ,8,2,B-Actor,B-Activity Data,The,B-Actor,DT,8,0,O,B-Activity,2,0,[0],actor performer
doc-20.10 - ISP student,submits,B-Activity,VBZ,8,2,B-Actor,B-Activity Data,his,B-Activity Data,PRP$,8,3,B-Activity,O,1,0,[0],uses
doc-20.10 - ISP student,submits,B-Activity,VBZ,8,2,B-Actor,B-Activity Data,designated,B-Actor,JJ,8,8,O,O,6,0,[0],actor recipient
doc-20.10 - ISP student,submits,B-Activity,VBZ,8,2,B-Actor,B-Activity Data,If,B-XOR Gateway,IN,9,0,O,B-Condition Specification,2,1,[0],flow
doc-20.10 - ISP student,If,B-XOR Gateway,IN,9,0,O,B-Condition Specification,the,B-Condition Specification,DT,9,1,B-XOR Gateway,O,1,0,[0],flow
doc-20.10 - ISP student,the,B-Condition Specification,DT,9,1,B-XOR Gateway,O,mails,B-Activity,VBZ,9,8,B-Actor,B-Actor,7,0,[0],flow
doc-20.10 - ISP student,mails,B-Activity,VBZ,9,8,B-Actor,B-Actor,the,B-Actor,DT,9,6,O,B-Activity,2,0,[0],actor performer
doc-20.10 - ISP student,mails,B-Activity,VBZ,9,8,B-Actor,B-Actor,his,B-Actor,PRP$,9,9,B-Activity,B-Activity Data,1,0,[0],actor recipient
doc-20.10 - ISP student,mails,B-Activity,VBZ,9,8,B-Actor,B-Actor,for ,B-Activity Data,VBD,9,11,B-Actor,O,3,0,[0],uses
doc-20.10 - ISP student,mails,B-Activity,VBZ,9,8,B-Actor,B-Actor,reviews,B-Activity,VBZ,10,9,B-Actor,B-Activity Data,1,1,[0],flow
doc-20.10 - ISP student,reviews,B-Activity,VBZ,10,9,B-Actor,B-Activity Data,With,B-Further Specification,IN,10,0,O,O,9,0,[0],further specification
doc-20.10 - ISP student,reviews,B-Activity,VBZ,10,9,B-Actor,B-Activity Data,the,B-Actor,DT,10,7,O,B-Activity,2,0,[0],actor performer
doc-20.10 - ISP student,reviews,B-Activity,VBZ,10,9,B-Actor,B-Activity Data,his,B-Activity Data,PRP$,10,10,B-Activity,O,1,0,[0],uses
doc-20.11 - credit risk assessment,initiates,B-Activity,VBZ,0,8,B-Actor,B-Activity Data,the,B-Actor,DT,0,6,O,B-Activity,2,0,[0],actor performer
doc-20.11 - credit risk assessment,initiates,B-Activity,VBZ,0,8,B-Actor,B-Activity Data,the,B-Activity Data,DT,0,9,B-Activity,O,1,0,[0],uses
doc-20.11 - credit risk assessment,initiates,B-Activity,VBZ,0,8,B-Actor,B-Activity Data,created,B-Activity,VBN,1,4,O,O,4,1,[0],flow
doc-20.11 - credit risk assessment,created,B-Activity,VBN,1,4,O,O,A,B-Activity Data,DT,1,0,O,O,4,0,[0],uses
doc-20.11 - credit risk assessment,created,B-Activity,VBN,1,4,O,O,the,B-Actor,DT,1,6,O,O,2,0,[0],actor performer
doc-20.11 - credit risk assessment,created,B-Activity,VBN,1,4,O,O,concurrently,B-AND Gateway,RB,2,3,B-Actor,B-Activity,1,1,[0],flow
doc-20.11 - credit risk assessment,concurrently,B-AND Gateway,RB,2,3,B-Actor,B-Activity,evaluates,B-Activity,VBZ,2,4,B-AND Gateway,B-Activity Data,1,0,[0],flow
doc-20.11 - credit risk assessment,concurrently,B-AND Gateway,RB,2,3,B-Actor,B-Activity,gathers,B-Activity,NNS,2,10,O,B-Activity Data,7,0,[0],flow
doc-20.11 - credit risk assessment,concurrently,B-AND Gateway,RB,2,3,B-Actor,B-Activity,check,B-Activity,NN,2,14,O,B-Activity Data,11,0,[0],flow
doc-20.11 - credit risk assessment,evaluates,B-Activity,VBZ,2,4,B-AND Gateway,B-Activity Data,the,B-Actor,DT,2,1,O,B-AND Gateway,3,0,[0],actor performer
doc-20.11 - credit risk assessment,evaluates,B-Activity,VBZ,2,4,B-AND Gateway,B-Activity Data,the,B-Activity Data,DT,2,5,B-Activity,O,1,0,[0],uses
doc-20.11 - credit risk assessment,evaluates,B-Activity,VBZ,2,4,B-AND Gateway,B-Activity Data,Following,B-AND Gateway,VBG,3,0,O,O,4,1,[0],flow
doc-20.11 - credit risk assessment,gathers,B-Activity,NNS,2,10,O,B-Activity Data,the,B-Actor,DT,2,1,O,B-AND Gateway,9,0,[0],actor performer
doc-20.11 - credit risk assessment,gathers,B-Activity,NNS,2,10,O,B-Activity Data,income,B-Activity Data,NN,2,11,B-Activity,O,1,0,[0],uses
doc-20.11 - credit risk assessment,gathers,B-Activity,NNS,2,10,O,B-Activity Data,Following,B-AND Gateway,VBG,3,0,O,O,10,1,[0],flow
doc-20.11 - credit risk assessment,check,B-Activity,NN,2,14,O,B-Activity Data,the,B-Actor,DT,2,1,O,B-AND Gateway,13,0,[0],actor performer
doc-20.11 - credit risk assessment,check,B-Activity,NN,2,14,O,B-Activity Data,other,B-Activity Data,JJ,2,16,B-Activity,O,2,0,[0],uses
doc-20.11 - credit risk assessment,check,B-Activity,NN,2,14,O,B-Activity Data,Following,B-AND Gateway,VBG,3,0,O,O,14,1,[0],flow
doc-20.11 - credit risk assessment,Following,B-AND Gateway,VBG,3,0,O,O,performed,B-Activity,VBN,3,8,O,O,8,0,[0],flow
doc-20.11 - credit risk assessment,performed,B-Activity,VBN,3,8,O,O,the,B-Actor,DT,2,1,O,B-AND Gateway,7,1,[0],actor performer
doc-20.11 - credit risk assessment,performed,B-Activity,VBN,3,8,O,O,an,B-Activity Data,DT,3,3,O,O,5,0,[0],uses
doc-20.11 - credit risk assessment,performed,B-Activity,VBN,3,8,O,O,If,B-XOR Gateway,IN,4,0,O,B-Condition Specification,8,1,[0],flow
doc-20.11 - credit risk assessment,If,B-XOR Gateway,IN,4,0,O,B-Condition Specification,the,B-Condition Specification,DT,4,1,B-XOR Gateway,O,1,0,[0],flow
doc-20.11 - credit risk assessment,If,B-XOR Gateway,IN,4,0,O,B-Condition Specification,If,B-XOR Gateway,IN,5,0,O,B-Condition Specification,0,1,[0],same gateway
doc-20.11 - credit risk assessment,the,B-Condition Specification,DT,4,1,B-XOR Gateway,O,granted,B-Activity,VBN,4,11,O,O,10,0,[0],flow
doc-20.11 - credit risk assessment,granted,B-Activity,VBN,4,11,O,O,the,B-Actor,DT,2,1,O,B-AND Gateway,10,2,[0],actor performer
doc-20.11 - credit risk assessment,granted,B-Activity,VBN,4,11,O,O,a,B-Activity Data,DT,4,6,O,O,5,0,[0],uses
doc-20.11 - credit risk assessment,granted,B-Activity,VBN,4,11,O,O,the,B-Actor,DT,4,13,O,O,2,0,[0],actor recipient
doc-20.11 - credit risk assessment,If,B-XOR Gateway,IN,5,0,O,B-Condition Specification,the,B-Condition Specification,DT,5,1,B-XOR Gateway,O,1,0,[0],flow
doc-20.11 - credit risk assessment,the,B-Condition Specification,DT,5,1,B-XOR Gateway,O,declined,B-Activity,VBN,5,10,O,O,9,0,[0],flow
doc-20.11 - credit risk assessment,declined,B-Activity,VBN,5,10,O,O,the,B-Actor,DT,2,1,O,B-AND Gateway,9,3,[0],actor performer
doc-20.11 - credit risk assessment,declined,B-Activity,VBN,5,10,O,O,the,B-Activity Data,DT,5,6,O,O,4,0,[0],uses
doc-20.12 - horse riding lesson,arrive,B-Activity,VBP,0,2,B-Actor,B-Activity Data,The,B-Actor,DT,0,0,NONE,B-Activity,2,0,[0],actor performer
doc-20.12 - horse riding lesson,arrive,B-Activity,VBP,0,2,B-Actor,B-Activity Data,at,B-Activity Data,IN,0,3,B-Activity,O,1,0,[0],uses
doc-20.12 - horse riding lesson,arrive,B-Activity,VBP,0,2,B-Actor,B-Activity Data,go,B-Activity,VBP,1,1,B-Actor,B-Activity Data,1,1,[0],flow
doc-20.12 - horse riding lesson,go,B-Activity,VBP,1,1,B-Actor,B-Activity Data,They,B-Actor,PRP,1,0,O,B-Activity,1,0,[0],actor performer
doc-20.12 - horse riding lesson,go,B-Activity,VBP,1,1,B-Actor,B-Activity Data,to,B-Activity Data,TO,1,2,B-Activity,O,1,0,[0],uses
doc-20.12 - horse riding lesson,go,B-Activity,VBP,1,1,B-Actor,B-Activity Data,assigns,B-Activity,VBZ,2,2,B-Actor,B-Activity Data,1,1,[0],flow
doc-20.12 - horse riding lesson,assigns,B-Activity,VBZ,2,2,B-Actor,B-Activity Data,The,B-Actor,DT,2,0,O,B-Activity,2,0,[0],actor performer
doc-20.12 - horse riding lesson,assigns,B-Activity,VBZ,2,2,B-Actor,B-Activity Data,the,B-Activity Data,DT,2,3,B-Activity,B-Further Specification,1,0,[0],uses
doc-20.12 - horse riding lesson,assigns,B-Activity,VBZ,2,2,B-Actor,B-Activity Data,according,B-Further Specification,VBG,2,8,B-Activity Data,O,6,0,[0],further specification
doc-20.12 - horse riding lesson,assigns,B-Activity,VBZ,2,2,B-Actor,B-Activity Data,while,B-AND Gateway,IN,3,5,B-Activity Data,B-Actor,3,1,[0],flow
doc-20.12 - horse riding lesson,saddle,B-Activity,VBD,3,2,B-Actor,B-Activity Data,The,B-Actor,DT,3,0,O,B-Activity,2,0,[0],actor performer
doc-20.12 - horse riding lesson,saddle,B-Activity,VBD,3,2,B-Actor,B-Activity Data,the,B-Activity Data,DT,3,3,B-Activity,B-AND Gateway,1,0,[0],uses
doc-20.12 - horse riding lesson,saddle,B-Activity,VBD,3,2,B-Actor,B-Activity Data,When,B-AND Gateway,WRB,4,0,O,O,2,1,[0],flow
doc-20.12 - horse riding lesson,while,B-AND Gateway,IN,3,5,B-Activity Data,B-Actor,saddle,B-Activity,VBD,3,2,B-Actor,B-Activity Data,3,0,[0],flow
doc-20.12 - horse riding lesson,while,B-AND Gateway,IN,3,5,B-Activity Data,B-Actor,prepares,B-Activity,VBZ,3,8,B-Actor,B-Activity Data,3,0,[0],flow
doc-20.12 - horse riding lesson,prepares,B-Activity,VBZ,3,8,B-Actor,B-Activity Data,the,B-Actor,DT,3,6,B-AND Gateway,B-Activity,2,0,[0],actor performer
doc-20.12 - horse riding lesson,prepares,B-Activity,VBZ,3,8,B-Actor,B-Activity Data,the,B-Activity Data,DT,3,9,B-Activity,O,1,0,[0],uses
doc-20.12 - horse riding lesson,prepares,B-Activity,VBZ,3,8,B-Actor,B-Activity Data,When,B-AND Gateway,WRB,4,0,O,O,8,1,[0],flow
doc-20.12 - horse riding lesson,When,B-AND Gateway,WRB,4,0,O,O,conducts,B-Activity,VBZ,4,14,B-Actor,B-Activity Data,14,0,[0],flow
doc-20.12 - horse riding lesson,conducts,B-Activity,VBZ,4,14,B-Actor,B-Activity Data,the,B-Actor,DT,4,12,O,B-Activity,2,0,[0],actor performer
doc-20.12 - horse riding lesson,conducts,B-Activity,VBZ,4,14,B-Actor,B-Activity Data,the,B-Activity Data,DT,4,15,B-Activity,O,1,0,[0],uses
doc-20.12 - horse riding lesson,conducts,B-Activity,VBZ,4,14,B-Actor,B-Activity Data,return,B-Activity,VBP,5,6,B-Actor,B-Activity Data,8,1,[0],flow
doc-20.12 - horse riding lesson,return,B-Activity,VBP,5,6,B-Actor,B-Activity Data,the,B-Actor,DT,5,4,O,B-Activity,2,0,[0],actor performer
doc-20.12 - horse riding lesson,return,B-Activity,VBP,5,6,B-Actor,B-Activity Data,their,B-Activity Data,PRP$,5,7,B-Activity,B-Further Specification,1,0,[0],uses
doc-20.12 - horse riding lesson,return,B-Activity,VBP,5,6,B-Actor,B-Activity Data,back,B-Further Specification,RB,5,9,B-Activity Data,O,3,0,[0],further specification
doc-20.12 - horse riding lesson,return,B-Activity,VBP,5,6,B-Actor,B-Activity Data,unsaddle,B-Activity,JJ,5,14,O,B-Activity Data,8,0,[0],flow
doc-20.12 - horse riding lesson,unsaddle,B-Activity,JJ,5,14,O,B-Activity Data,the,B-Actor,DT,5,4,O,B-Activity,10,0,[0],actor performer
doc-20.12 - horse riding lesson,unsaddle,B-Activity,JJ,5,14,O,B-Activity Data,them,B-Activity Data,PRP,5,15,B-Activity,O,1,0,[0],uses
doc-20.13 - thesis writing,choose,B-Activity,VB,1,3,O,B-Activity Data,The,B-Actor,DT,1,0,O,O,3,0,[0],actor performer
doc-20.13 - thesis writing,choose,B-Activity,VB,1,3,O,B-Activity Data,a,B-Activity Data,DT,1,4,B-Activity,O,1,0,[0],uses
doc-20.13 - thesis writing,choose,B-Activity,VB,1,3,O,B-Activity Data,hand,B-Activity,NN,2,4,O,B-Activity Data,1,1,[0],flow
doc-20.13 - thesis writing,hand,B-Activity,NN,2,4,O,B-Activity Data,they,B-Actor,PRP,2,1,O,O,3,0,[0],actor performer
doc-20.13 - thesis writing,hand,B-Activity,NN,2,4,O,B-Activity Data,their,B-Activity Data,PRP$,2,6,B-Activity,B-Further Specification,2,0,[0],uses
doc-20.13 - thesis writing,hand,B-Activity,NN,2,4,O,B-Activity Data,using,B-Further Specification,VBG,2,9,B-Activity Data,O,5,0,"[1, 62, 22]",further specification
doc-20.13 - thesis writing,hand,B-Activity,NN,2,4,O,B-Activity Data,receive,B-Activity,VBP,3,6,B-Actor,B-Activity Data,2,1,[0],flow
doc-20.13 - thesis writing,receive,B-Activity,VBP,3,6,B-Actor,B-Activity Data,they,B-Actor,PRP,3,5,O,B-Activity,1,0,[0],actor performer
doc-20.13 - thesis writing,receive,B-Activity,VBP,3,6,B-Actor,B-Activity Data,their,B-Activity Data,PRP$,3,7,B-Activity,O,1,0,[0],uses
doc-20.13 - thesis writing,receive,B-Activity,VBP,3,6,B-Actor,B-Activity Data,In,B-AND Gateway,IN,5,0,O,O,6,2,[0],flow
doc-20.13 - thesis writing,perform,B-Activity,VB,4,4,O,B-Activity Data,they,B-Actor,PRP,4,1,O,O,3,0,[0],actor performer
doc-20.13 - thesis writing,perform,B-Activity,VB,4,4,O,B-Activity Data,their,B-Activity Data,PRP$,4,5,B-Activity,O,1,0,[0],uses
doc-20.13 - thesis writing,perform,B-Activity,VB,4,4,O,B-Activity Data,When,B-AND Gateway,WRB,6,0,O,O,4,2,[0],flow
doc-20.13 - thesis writing,In,B-AND Gateway,IN,5,0,O,O,perform,B-Activity,VB,4,4,O,B-Activity Data,4,1,[0],flow
doc-20.13 - thesis writing,In,B-AND Gateway,IN,5,0,O,O,have,B-Activity,VBP,5,7,O,B-Activity Data,7,0,"[55, 61]",flow
doc-20.13 - thesis writing,have,B-Activity,VBP,5,7,O,B-Activity Data,the,B-Actor,DT,5,4,O,O,3,0,[0],actor performer
doc-20.13 - thesis writing,have,B-Activity,VBP,5,7,O,B-Activity Data,with,B-Activity Data,IN,5,10,B-Activity,O,3,0,"[22, 55, 61]",uses
doc-20.13 - thesis writing,have,B-Activity,VBP,5,7,O,B-Activity Data,When,B-AND Gateway,WRB,6,0,O,O,7,1,[0],flow
doc-20.13 - thesis writing,When,B-AND Gateway,WRB,6,0,O,O,performing,B-Activity,VBG,6,13,O,B-Activity Data,13,0,[0],flow
doc-20.13 - thesis writing,performing,B-Activity,VBG,6,13,O,B-Activity Data,they,B-Actor,PRP,6,10,O,O,3,0,[0],actor performer
doc-20.13 - thesis writing,performing,B-Activity,VBG,6,13,O,B-Activity Data,the,B-Activity Data,DT,6,14,B-Activity,O,1,0,[0],uses
doc-20.13 - thesis writing,performing,B-Activity,VBG,6,13,O,B-Activity Data,write,B-Activity,VBP,7,3,B-Actor,B-Activity Data,10,1,[0],flow
doc-20.13 - thesis writing,write,B-Activity,VBP,7,3,B-Actor,B-Activity Data,the,B-Actor,DT,7,1,O,B-Activity,2,0,[0],actor performer
doc-20.13 - thesis writing,write,B-Activity,VBP,7,3,B-Actor,B-Activity Data,the,B-Activity Data,DT,7,4,B-Activity,O,1,0,[0],uses
doc-20.13 - thesis writing,write,B-Activity,VBP,7,3,B-Actor,B-Activity Data,present,B-Activity,VBP,7,10,B-Actor,B-Activity Data,7,0,[0],flow
doc-20.13 - thesis writing,present,B-Activity,VBP,7,10,B-Actor,B-Activity Data,the,B-Actor,DT,7,8,O,B-Activity,2,0,[0],actor performer
doc-20.13 - thesis writing,present,B-Activity,VBP,7,10,B-Actor,B-Activity Data,their,B-Activity Data,PRP$,7,11,B-Activity,B-Further Specification,1,0,[0],uses
doc-20.13 - thesis writing,present,B-Activity,VBP,7,10,B-Actor,B-Activity Data,to,B-Further Specification,TO,7,13,B-Activity Data,O,3,0,[0],further specification
doc-20.14 - HR interview,performs,B-Activity,VBZ,0,3,B-Actor,B-Activity Data,The,B-Actor,DT,0,0,NONE,B-Activity,3,0,[0],actor performer
doc-20.14 - HR interview,performs,B-Activity,VBZ,0,3,B-Actor,B-Activity Data,the,B-Activity Data,DT,0,4,B-Activity,O,1,0,[0],uses
doc-20.14 - HR interview,performs,B-Activity,VBZ,0,3,B-Actor,B-Activity Data,the,B-Actor,DT,0,8,O,O,5,0,[0],actor recipient
doc-20.14 - HR interview,performs,B-Activity,VBZ,0,3,B-Actor,B-Activity Data,and,B-AND Gateway,CC,1,10,B-Actor,B-Activity,7,1,[0],flow
doc-20.14 - HR interview,discusses,B-Activity,VBZ,1,3,B-Actor,B-Activity Data,he,B-Actor,PRP,1,2,O,B-Activity,1,0,[0],actor performer
doc-20.14 - HR interview,discusses,B-Activity,VBZ,1,3,B-Actor,B-Activity Data,the,B-Activity Data,DT,1,4,B-Activity,O,1,0,[0],uses
doc-20.14 - HR interview,discusses,B-Activity,VBZ,1,3,B-Actor,B-Activity Data,the,B-Actor,DT,1,7,O,B-AND Gateway,4,0,[0],actor performer
doc-20.14 - HR interview,discusses,B-Activity,VBZ,1,3,B-Actor,B-Activity Data,After,B-AND Gateway,IN,2,0,O,O,3,1,[0],flow
doc-20.14 - HR interview,and,B-AND Gateway,CC,1,10,B-Actor,B-Activity,discusses,B-Activity,VBZ,1,3,B-Actor,B-Activity Data,7,0,[0],flow
doc-20.14 - HR interview,and,B-AND Gateway,CC,1,10,B-Actor,B-Activity,informs,B-Activity,VBZ,1,15,B-AND Gateway,B-Actor,5,0,[0],flow
doc-20.14 - HR interview,informs,B-Activity,VBZ,1,15,B-AND Gateway,B-Actor,he,B-Actor,PRP,1,2,O,B-Activity,13,0,[0],actor performer
doc-20.14 - HR interview,informs,B-Activity,VBZ,1,15,B-AND Gateway,B-Actor,the,B-Actor,DT,1,16,B-Activity,B-Activity Data,1,0,[0],actor recipient
doc-20.14 - HR interview,informs,B-Activity,VBZ,1,15,B-AND Gateway,B-Actor,about,B-Activity Data,IN,1,18,B-Actor,O,3,0,[0],uses
doc-20.14 - HR interview,informs,B-Activity,VBZ,1,15,B-AND Gateway,B-Actor,After,B-AND Gateway,IN,2,0,O,O,15,1,[0],flow
doc-20.14 - HR interview,After,B-AND Gateway,IN,2,0,O,O,performs,B-Activity,VBZ,2,14,B-Actor,B-Activity Data,14,0,[0],flow
doc-20.14 - HR interview,performs,B-Activity,VBZ,2,14,B-Actor,B-Activity Data,the,B-Actor,DT,2,11,O,B-Activity,3,0,[0],actor performer
doc-20.14 - HR interview,performs,B-Activity,VBZ,2,14,B-Actor,B-Activity Data,a,B-Activity Data,DT,2,15,B-Activity,O,1,0,[0],uses
doc-20.14 - HR interview,performs,B-Activity,VBZ,2,14,B-Actor,B-Activity Data,If,B-XOR Gateway,IN,3,0,O,B-Condition Specification,14,1,[0],flow
doc-20.14 - HR interview,If,B-XOR Gateway,IN,3,0,O,B-Condition Specification,this,B-Condition Specification,DT,3,1,B-XOR Gateway,O,1,0,[0],flow
doc-20.14 - HR interview,If,B-XOR Gateway,IN,3,0,O,B-Condition Specification,If,B-XOR Gateway,IN,4,0,O,B-Condition Specification,0,1,[0],same gateway
doc-20.14 - HR interview,this,B-Condition Specification,DT,3,1,B-XOR Gateway,O,prepares,B-Activity,VBZ,3,8,B-Actor,B-Activity Data,7,0,[0],flow
doc-20.14 - HR interview,prepares,B-Activity,VBZ,3,8,B-Actor,B-Activity Data,the,B-Actor,DT,3,5,O,B-Activity,3,0,[0],actor performer
doc-20.14 - HR interview,prepares,B-Activity,VBZ,3,8,B-Actor,B-Activity Data,a,B-Activity Data,DT,3,9,B-Activity,O,1,0,[0],uses
doc-20.14 - HR interview,If,B-XOR Gateway,IN,4,0,O,B-Condition Specification,not,B-Condition Specification,RB,4,1,B-XOR Gateway,O,1,0,[0],flow
doc-20.14 - HR interview,not,B-Condition Specification,RB,4,1,B-XOR Gateway,O,closes,B-Activity,VBZ,4,7,B-Actor,B-Activity Data,6,0,[0],flow
doc-20.14 - HR interview,closes,B-Activity,VBZ,4,7,B-Actor,B-Activity Data,the,B-Actor,DT,4,4,O,B-Activity,3,0,[0],actor performer
doc-20.14 - HR interview,closes,B-Activity,VBZ,4,7,B-Actor,B-Activity Data,the,B-Activity Data,DT,4,8,B-Activity,O,1,0,[0],uses
doc-20.15 - library request,consults,B-Activity,VBD,0,13,B-Actor,B-Activity Data,the,B-Actor,DT,0,9,O,B-Activity,4,0,[0],actor performer
doc-20.15 - library request,consults,B-Activity,VBD,0,13,B-Actor,B-Activity Data,the,B-Activity Data,DT,0,14,B-Activity,O,1,0,[0],uses
doc-20.15 - library request,consults,B-Activity,VBD,0,13,B-Actor,B-Activity Data,If,B-XOR Gateway,IN,1,0,O,B-Condition Specification,13,1,[0],flow
doc-20.15 - library request,If,B-XOR Gateway,IN,1,0,O,B-Condition Specification,the,B-Condition Specification,DT,1,1,B-XOR Gateway,O,1,0,[0],flow
doc-20.15 - library request,If,B-XOR Gateway,IN,1,0,O,B-Condition Specification,If,B-XOR Gateway,IN,2,0,O,B-Condition Specification,0,1,[0],same gateway
doc-20.15 - library request,the,B-Condition Specification,DT,1,1,B-XOR Gateway,O,informs,B-Activity,VBZ,1,17,B-Actor,B-Activity Data,16,0,[0],flow
doc-20.15 - library request,informs,B-Activity,VBZ,1,17,B-Actor,B-Activity Data,the,B-Actor,DT,1,14,O,B-Activity,3,0,[0],actor performer
doc-20.15 - library request,informs,B-Activity,VBZ,1,17,B-Actor,B-Activity Data,the,B-Activity Data,DT,1,18,B-Activity,O,1,0,[0],uses
doc-20.15 - library request,If,B-XOR Gateway,IN,2,0,O,B-Condition Specification,the,B-Condition Specification,DT,2,1,B-XOR Gateway,O,1,0,[0],flow
doc-20.15 - library request,the,B-Condition Specification,DT,2,1,B-XOR Gateway,O,and,B-AND Gateway,CC,2,22,B-Further Specification,B-Activity,21,0,[0],flow
doc-20.15 - library request,logging,B-Activity,VBG,2,14,O,B-Activity Data,the,B-Actor,DT,2,6,O,O,8,0,[0],actor performer
doc-20.15 - library request,logging,B-Activity,VBG,2,14,O,B-Activity Data,the,B-Activity Data,DT,2,15,B-Activity,B-Further Specification,1,0,[0],uses
doc-20.15 - library request,logging,B-Activity,VBG,2,14,O,B-Activity Data,against,B-Further Specification,IN,2,17,B-Activity Data,B-AND Gateway,3,0,[0],further specification
doc-20.15 - library request,and,B-AND Gateway,CC,2,22,B-Further Specification,B-Activity,logging,B-Activity,VBG,2,14,O,B-Activity Data,8,0,[0],flow
doc-20.15 - library request,and,B-AND Gateway,CC,2,22,B-Further Specification,B-Activity,retrieving,B-Activity,VBG,2,24,B-AND Gateway,B-Activity Data,2,0,[0],flow
doc-20.15 - library request,retrieving,B-Activity,VBG,2,24,B-AND Gateway,B-Activity Data,the,B-Actor,DT,2,6,O,O,18,0,[0],actor performer
doc-20.15 - library request,retrieving,B-Activity,VBG,2,24,B-AND Gateway,B-Activity Data,the,B-Activity Data,DT,2,25,B-Activity,B-Further Specification,1,0,[0],uses
doc-20.15 - library request,retrieving,B-Activity,VBG,2,24,B-AND Gateway,B-Activity Data,using,B-Further Specification,VBG,2,27,B-Activity Data,O,3,0,[0],further specification
